tradingview_symbol,symbol,name_en,name_th,market,industry,sector
SET:88TH,88TH,88(Thailand) Public Company Limited,บริษัท 88(ไทยแลนด์) จำกัด (มหาชน),mai,Consumer Products,-
SET:ABM,ABM,ASIA BIOMASS PUBLIC COMPANY LIMITED,บริษัท เอเชีย ไบโอแมส จำกัด (มหาชน),mai,Resources,-
SET:ACAP,ACAP,ASIA CAPITAL GROUP PUBLIC COMPANY LIMITED,บริษัท เอเชีย แคปปิตอล กรุ๊ป จำกัด (มหาชน),mai,Financials,-
SET:ADB,ADB,APPLIED DB PUBLIC COMPANY LIMITED,บริษัท แอ็พพลาย ดีบี จำกัด (มหาชน),mai,Industrial,-
SET:ADD,ADD,ADDTECH HUB PUBLIC COMPANY LIMITED,บริษัท แอดเทค ฮับ จำกัด (มหาชน),mai,Services,-
SET:AF,AF,AIRA FACTORING PUBLIC COMPANY LIMITED,บริษัท ไอร่า แฟคตอริ่ง จำกัด (มหาชน),mai,Financials,-
SET:AIRA,AIRA,AIRA CAPITAL PUBLIC COMPANY LIMITED,บริษัท ไอร่า แคปปิตอล จำกัด (มหาชน),mai,Financials,-
SET:AKP,AKP,AKKHIE PRAKARN PUBLIC COMPANY LIMITED,บริษัท อัคคีปราการ จำกัด (มหาชน),mai,Services,-
SET:ALPHAX,ALPHAX,ALPHA DIVISIONS PUBLIC COMPANY LIMITED,บริษัท อัลฟ่า ดิวิชั่นส์ จำกัด (มหาชน),mai,Resources,-
SET:AMA,AMA,AMA MARINE PUBLIC COMPANY LIMITED,บริษัท อาม่า มารีน จำกัด (มหาชน),mai,Services,-
SET:AMARC,AMARC,ASIA MEDICAL AND AGRICULTURAL LABORATORY AND RESEARCH CENTER PUBLIC COMPANY LIMITED,บริษัท ศูนย์ห้องปฏิบัติการและวิจัยทางการแพทย์และการเกษตรแห่งเอเซีย จำกัด (มหาชน),mai,Services,-
SET:APO,APO,Asian Palm Oil Public Company Limited,บริษัท เอเชียนน้ำมันปาล์ม จำกัด (มหาชน),mai,Agro & Food Industry,-
SET:APP,APP,APPLICAD PUBLIC COMPANY LIMITED,บริษัท แอพพลิแคด จำกัด (มหาชน),mai,Technology,-
SET:ARIN,ARIN,ARINSIRI LAND PUBLIC COMPANY LIMITED,บริษัท อรินสิริ แลนด์ จำกัด (มหาชน),mai,Property & Construction,-
SET:ARIP,ARIP,ARIP PUBLIC COMPANY LIMITED,บริษัท เออาร์ไอพี จำกัด (มหาชน),mai,Services,-
SET:ARROW,ARROW,ARROW SYNDICATE PUBLIC COMPANY LIMITED,บริษัท แอร์โรว์ ซินดิเคท จำกัด (มหาชน),mai,Property & Construction,-
SET:ASN,ASN,ASN BROKER PUBLIC COMPANY LIMITED,บริษัท เอเอสเอ็น โบรกเกอร์ จำกัด (มหาชน),mai,Financials,-
SET:ASTR,ASTR,ASTRA ENTERPRISE PUBLIC COMPANY LIMITED,บริษัท แอสตรา เอ็นเตอร์ไพรส์ จำกัด (มหาชน),mai,Services,-
SET:ATP30,ATP30,ATP30 PUBLIC COMPANY LIMITED,บริษัท เอทีพี 30 จำกัด (มหาชน),mai,Services,-
SET:AU,AU,AFTER YOU PUBLIC COMPANY LIMITED,บริษัท อาฟเตอร์ ยู จำกัด (มหาชน),mai,Agro & Food Industry,-
SET:AUCT,AUCT,UNION AUCTION PUBLIC COMPANY LIMITED,บริษัท สหการประมูล จำกัด (มหาชน),mai,Services,-
SET:BC,BC,BOUTIQUE CORPORATION PUBLIC COMPANY LIMITED,บริษัท บูทิค คอร์ปอเรชั่น จำกัด (มหาชน),mai,Property & Construction,-
SET:BE8,BE8,BERYL 8 PLUS PUBLIC COMPANY LIMITED,บริษัท เบริล 8 พลัส จำกัด (มหาชน),mai,Technology,-
SET:BGT,BGT,BGT CORPORATION PUBLIC COMPANY LIMITED,บริษัท บีจีที คอร์ปอเรชั่น จำกัด (มหาชน),mai,Consumer Products,-
SET:BIS,BIS,Bioscience Animal Health Public Company Limited,บริษัท ไบโอซายน์ แอนิมัล เฮลธ์ จำกัด (มหาชน),mai,Services,-
SET:BKA,BKA,Bangkok Asset Intergroup Public Company Limited,บริษัท บางกอก แอสเซท อินเตอร์กรุ๊ป จำกัด (มหาชน),mai,Property & Construction,-
SET:BLESS,BLESS,BLESS ASSET GROUP PUBLIC COMPANY LIMITED,บริษัท เบล็ส แอสเสท กรุ๊ป จำกัด (มหาชน),mai,Property & Construction,-
SET:BM,BM,BANGKOK SHEET METAL PUBLIC COMPANY LIMITED,บริษัท บางกอกชีทเม็ททัล จำกัด (มหาชน),mai,Industrial,-
SET:BOL,BOL,BUSINESS ONLINE PUBLIC COMPANY LIMITED,บริษัท บิซิเนส ออนไลน์ จำกัด (มหาชน),mai,Services,-
SET:BPS,BPS,BPS Technology Public Company Limited,บริษัท บีพีเอส เทคโนโลยี จำกัด (มหาชน),mai,Industrial,-
SET:BSM,BSM,BUILDERSMART PUBLIC COMPANY LIMITED,บริษัท บิวเดอสมาร์ท จำกัด (มหาชน),mai,Property & Construction,-
SET:BTC,BTC,THE BROOKER GROUP PUBLIC COMPANY LIMITED,บริษัท บรุ๊คเคอร์ กรุ๊ป จำกัด (มหาชน),mai,Financials,-
SET:BTW,BTW,BT WEALTH INDUSTRIES PUBLIC COMPANY LIMITED,บริษัท บีที เวลธ์ อินดัสตรีส์ จำกัด (มหาชน),mai,Property & Construction,-
SET:BVG,BVG,BlueVenture Group Public Company Limited,บริษัท บลูเวนเจอร์ กรุ๊ป จำกัด (มหาชน),mai,Technology,-
SET:CAZ,CAZ,CAZ (THAILAND) PUBLIC COMPANY LIMITED,บริษัท ซี เอ แซด (ประเทศไทย) จำกัด (มหาชน),mai,Property & Construction,-
SET:CEYE,CEYE,Chamni's Eye Public Company Limited,บริษัท ตาชำนิ จำกัด (มหาชน),mai,Services,-
SET:CFARM,CFARM,CHUWIT FARM (2019) PUBLIC COMPANY LIMITED,บริษัท ชูวิทย์ฟาร์ม (2019) จำกัด (มหาชน),mai,Agro & Food Industry,-
SET:CHEWA,CHEWA,CHEWATHAI PUBLIC COMPANY LIMITED,บริษัท ชีวาทัย จำกัด (มหาชน),mai,Property & Construction,-
SET:CHIC,CHIC,CHIC REPUBLIC PUBLIC COMPANY LIMITED,บริษัท ชิค รีพับบลิค จำกัด (มหาชน),mai,Services,-
SET:CHO,CHO,CHO THAVEE PUBLIC COMPANY LIMITED,บริษัท ช ทวี จำกัด (มหาชน),mai,Industrial,-
SET:CHOW,CHOW,CHOW BRIGHT VENTURES HOLDINGS PUBLIC COMPANY LIMITED,บริษัท เชาว์ ไบรท์ เวนเจอร์ส โฮลดิ้งส์ จำกัด (มหาชน),mai,Industrial,-
SET:CIG,CIG,C.I.GROUP PUBLIC COMPANY LIMITED,บริษัท ซี.ไอ.กรุ๊ป จำกัด (มหาชน),mai,Industrial,-
SET:CMO,CMO,CMO PUBLIC COMPANY LIMITED,บริษัท ซีเอ็มโอ จำกัด (มหาชน),mai,Services,-
SET:COLOR,COLOR,SALEE COLOUR PUBLIC COMPANY LIMITED,บริษัท สาลี่ คัลเล่อร์ จำกัด (มหาชน),mai,Industrial,-
SET:COMAN,COMAN,COMANCHE INTERNATIONAL PUBLIC COMPANY LIMITED,บริษัท โคแมนชี่ อินเตอร์เนชั่นแนล จำกัด (มหาชน),mai,Technology,-
SET:CPANEL,CPANEL,CPANEL PUBLIC COMPANY LIMITED,บริษัท ซีแพนเนล จำกัด (มหาชน),mai,Property & Construction,-
SET:CPR,CPR,CPR GOMU INDUSTRIAL PUBLIC COMPANY LIMITED,บริษัท ซีพีอาร์ โกมุ อินดัสเตรียล จำกัด (มหาชน),mai,Industrial,-
SET:CRD,CRD,CHIANGMAI RIMDOI PUBLIC COMPANY LIMITED,บริษัท เชียงใหม่ริมดอย จำกัด (มหาชน),mai,Property & Construction,-
SET:D,D,DENTAL CORPORATION PUBLIC COMPANY LIMITED,บริษัท เดนทัล คอร์ปอเรชั่น จำกัด (มหาชน),mai,Services,-
SET:DEXON,DEXON,DEXON Technology Public Company Limited,บริษัท เด็กซ์ซอน เทคโนโลยี จำกัด (มหาชน),mai,Services,-
SET:DHOUSE,DHOUSE,DHOUSE PATTANA PUBLIC COMPANY LIMITED,บริษัท ดีเฮ้าส์พัฒนา จำกัด (มหาชน),mai,Property & Construction,-
SET:DIMET,DIMET,DIMET (SIAM) PUBLIC COMPANY LIMITED,บริษัท ไดเมท (สยาม) จำกัด (มหาชน),mai,Property & Construction,-
SET:DOD,DOD,DOD BIOTECH PUBLIC COMPANY LIMITED,บริษัท ดีโอดี ไบโอเทค จำกัด (มหาชน),mai,Consumer Products,-
SET:DPAINT,DPAINT,DELTA PAINT PUBLIC COMPANY LIMITED,บริษัท สีเดลต้า จำกัด (มหาชน),mai,Property & Construction,-
SET:ECF,ECF,EAST COAST FURNITECH PUBLIC COMPANY LIMITED,บริษัท อีสต์โคสท์เฟอร์นิเทค จำกัด (มหาชน),mai,Consumer Products,-
SET:EFORL,EFORL,E FOR L AIM PUBLIC COMPANY LIMITED,บริษัท อี ฟอร์ แอล เอม จำกัด (มหาชน),mai,Consumer Products,-
SET:EMPIRE,EMPIRE,ORIGIN GLOBAL EMPIRE PUBLIC COMPANY LIMITED,บริษัท ออริจิ้น โกลบอล เอมไพร์ จำกัด (มหาชน),mai,Property & Construction,-
SET:ETE,ETE,EASTERN TECHNICAL ENGINEERING PUBLIC COMPANY LIMITED,บริษัท บูรพา เทคนิคอล เอ็นจิเนียริ่ง จำกัด (มหาชน),mai,Services,-
SET:EURO,EURO,Euro Creations Public Company Limited,บริษัท ยูโร ครีเอชั่นส์ จำกัด (มหาชน),mai,Consumer Products,-
SET:FLOYD,FLOYD,FLOYD PUBLIC COMPANY LIMITED,บริษัท ฟลอยด์ จำกัด (มหาชน),mai,Property & Construction,-
SET:FPI,FPI,FORTUNE PARTS INDUSTRY PUBLIC COMPANY LIMITED,บริษัท ฟอร์จูน พาร์ท อินดัสตรี้ จำกัด (มหาชน),mai,Industrial,-
SET:FSMART,FSMART,FORTH SMART SERVICE PUBLIC COMPANY LIMITED,บริษัท ฟอร์ท สมาร์ท เซอร์วิส จำกัด (มหาชน),mai,Services,-
SET:FVC,FVC,FILTER VISION PUBLIC COMPANY LIMITED,บริษัท ฟิลเตอร์ วิชั่น จำกัด (มหาชน),mai,Services,-
SET:GCAP,GCAP,G CAPITAL PUBLIC COMPANY LIMITED,บริษัท จี แคปปิตอล จำกัด (มหาชน),mai,Financials,-
SET:GFC,GFC,Genesis Fertility Center Public Company Limited,บริษัท เจเนซีส เฟอร์ทิลีตี เซ็นเตอร์ จำกัด (มหาชน),mai,Services,-
SET:GLORY,GLORY,GLORY FOREVER PUBLIC COMPANY LIMITED,บริษัท รุ่งเรืองตลอดไป จำกัด (มหาชน),mai,Services,-
SET:GTB,GTB,GETABEC PUBLIC COMPANY LIMITED,บริษัท เจตาแบค จำกัด (มหาชน),mai,Industrial,-
SET:GTV,GTV,GREEN TECH VENTURES PUBLIC COMPANY LIMITED,บริษัท กรีนเทค เวนเจอร์ส จำกัด (มหาชน),mai,Resources,-
SET:HANN,HANN,MUKDAHAN INTERNATIONAL HOSPITAL PUBLIC COMPANY LIMITED,บริษัท โรงพยาบาลมุกดาหารอินเตอร์เนชั่นแนล จำกัด (มหาชน),mai,Services,-
SET:HARN,HARN,HARN ENGINEERING SOLUTIONS PUBLIC COMPANY LIMITED,บริษัท หาญ เอ็นจิเนียริ่ง โซลูชั่นส์ จำกัด (มหาชน),mai,Industrial,-
SET:HL,HL,HEALTHLEAD PUBLIC COMPANY LIMITED,บริษัท เฮลท์ลีด จำกัด (มหาชน),mai,Services,-
SET:HPT,HPT,HOME POTTERY PUBLIC COMPANY LIMITED,บริษัท โฮม พอตเทอรี่ จำกัด (มหาชน),mai,Consumer Products,-
SET:HYDRO,HYDRO,HYDROTEK PUBLIC COMPANY LIMITED,บริษัท ไฮโดรเท็ค จำกัด (มหาชน),mai,Property & Construction,-
SET:I2,I2,I2 Enterprise Public Company Limited,บริษัท ไอ ทู เอ็นเตอร์ไพรซ์ จำกัด (มหาชน),mai,Technology,-
SET:IDG,IDG,INDIGY PUBLIC COMPANY LIMITED,บริษัท อินดิจี จำกัด (มหาชน),mai,Technology,-
SET:IIG,IIG,I&I GROUP PUBLIC COMPANY LIMITED,บริษัท ไอแอนด์ไอ กรุ๊ป จำกัด (มหาชน),mai,Technology,-
SET:IMH,IMH,INTERMEDICAL CARE AND LAB HOSPITAL PUBLIC COMPANY LIMITED,บริษัท โรงพยาบาลอินเตอร์เมดิคัล แคร์ แอนด์ แล็บ จำกัด (มหาชน),mai,Services,-
SET:IND,IND,INDEX INTERNATIONAL GROUP PUBLIC COMPANY LIMITED,บริษัท อินเด็กซ์ อินเตอร์เนชั่นแนล กรุ๊ป จำกัด (มหาชน),mai,Property & Construction,-
SET:IRCP,IRCP,"INTERNATIONAL RESEARCH CORPORATION PUBLIC CO., LTD.",บริษัท อินเตอร์เนชั่นแนล รีเสริช คอร์ปอเรชั่น จำกัด (มหาชน),mai,Technology,-
SET:IROYAL,IROYAL,Interroyal Engineering Public Company Limited,บริษัท อินเตอร์รอแยล เอ็นจิเนียริ่ง จำกัด (มหาชน),mai,Services,-
SET:ITNS,ITNS,INTERNATIONAL NETWORK SYSTEM PUBLIC COMPANY LIMITED,บริษัท อินเตอร์เนชั่นแนล เน็ตเวิร์ค ซิสเต็ม จำกัด (มหาชน),mai,Technology,-
SET:ITTHI,ITTHI,ITTHIRIT NICE CORPORATION PUBLIC COMPANY LIMITED,บริษัท อิทธิฤทธิ์ ไนซ์ คอร์ปอเรชั่น จำกัด (มหาชน),mai,Consumer Products,-
SET:IVF,IVF,INSPIRE IVF Public Company Limited,บริษัท อินสไปร์ ไอวีเอฟ จำกัด (มหาชน),mai,Services,-
SET:JAK,JAK,JAKPAISAN ESTATE PUBLIC COMPANY LIMITED,บริษัท จักรไพศาล เอสเตท จำกัด (มหาชน),mai,Property & Construction,-
SET:JPARK,JPARK,JENKONGKLAI PUBLIC COMPANY LIMITED,บริษัท เจนก้องไกล จำกัด (มหาชน),mai,Services,-
SET:JSP,JSP,JSP PHARMACEUTICAL MANUFACTURING (THAILAND) PUBLIC COMPANY LIMITED,บริษัท โรงงานเภสัชอุตสาหกรรม เจเอสพี (ประเทศไทย) จำกัด (มหาชน),mai,Consumer Products,-
SET:JUBILE,JUBILE,JUBILEE ENTERPRISE PUBLIC COMPANY LIMITED,บริษัท ยูบิลลี่ เอ็นเตอร์ไพรส์ จำกัด (มหาชน),mai,Consumer Products,-
SET:K,K,KINGSMEN C.M.T.I. PUBLIC COMPANY LIMITED,บริษัท คิงส์เมน ซี.เอ็ม.ที.ไอ. จำกัด (มหาชน),mai,Services,-
SET:KASET,KASET,THAI HA PUBLIC COMPANY LIMITED,บริษัท ไทยฮา จำกัด (มหาชน),mai,Agro & Food Industry,-
SET:KCC,KCC,Knight Club Capital Holding Public Company Limited,บริษัท ไนท คลับ แคปปิตอล โฮลดิ้ง จำกัด (มหาชน),mai,Financials,-
SET:KCM,KCM,K.C. METALSHEET PUBLIC COMPANY LIMITED,บริษัท เค.ซี.เมททอลชีท จำกัด (มหาชน),mai,Industrial,-
SET:KGEN,KGEN,KING GEN PUBLIC COMPANY LIMITED,บริษัท คิง เจน จำกัด (มหาชน),mai,Services,-
SET:KJL,KJL,KIJCHAROEN ENGINEERING ELECTRIC PUBLIC COMPANY LIMITED,บริษัท กิจเจริญ เอ็นจิเนียริ่ง อีเลคทริค จำกัด (มหาชน),mai,Industrial,-
SET:KK,KK,K&K SUPERSTORE SOUTHERN PUBLIC COMPANY LIMITED,บริษัท เคแอนด์เค ซุปเปอร์สโตร์ เซาท์เทิร์น จำกัด (มหาชน),mai,Services,-
SET:KOOL,KOOL,CL VENTURE PUBLIC COMPANY LIMITED,บริษัท ซีแอล เวนเจอร์ จำกัด (มหาชน),mai,Services,-
SET:KTMS,KTMS,KT Medical Service Public Company Limited,บริษัท เคที เมดิคอล เซอร์วิส จำกัด (มหาชน),mai,Services,-
SET:KUMWEL,KUMWEL,KUMWELL CORPORATION PUBLIC COMPANY LIMITED,บริษัท คัมเวล คอร์ปอเรชั่น จำกัด (มหาชน),mai,Industrial,-
SET:KWM,KWM,K. W. METAL WORK PUBLIC COMPANY LIMITED,บริษัท เค. ดับบลิว. เม็ททัล เวิร์ค จำกัด (มหาชน),mai,Industrial,-
SET:LDC,LDC,LDC DENTAL PUBLIC COMPANY LIMITED,บริษัท แอลดีซี เด็นทัล จำกัด (มหาชน),mai,Services,-
SET:LEO,LEO,LEO GLOBAL LOGISTICS PUBLIC COMPANY LIMITED,บริษัท ลีโอ โกลบอล โลจิสติกส์ จำกัด (มหาชน),mai,Services,-
SET:LIT,LIT,LEASE IT PUBLIC COMPANY LIMITED,บริษัท ลีซ อิท จำกัด (มหาชน),mai,Financials,-
SET:LTMH,LTMH,LTMH Public Company Limited,บริษัท แอลทีเอ็มเอช จำกัด (มหาชน),mai,Services,-
SET:LTS,LTS,Light Up Total Solution Public Company Limited,บริษัท ไลท์อัพ โทเทิล โซลูชั่น จำกัด (มหาชน),mai,Consumer Products,-
SET:MAGURO,MAGURO,Maguro Group Public Company Limited,บริษัท มากุโระ กรุ๊ป จำกัด (มหาชน),mai,Agro & Food Industry,-
SET:MBAX,MBAX,MULTIBAX PUBLIC COMPANY LIMITED,บริษัท มัลติแบกซ์ จำกัด (มหาชน),mai,Industrial,-
SET:MCA,MCA,Market Connections Asia Public Company Limited,บริษัท มาร์เก็ต คอนเน็กชั่นส์ เอเชีย จำกัด (มหาชน),mai,Services,-
SET:MEB,MEB,MEB Corporation Public Company Limited,บริษัท เมพ คอร์ปอเรชั่น จำกัด (มหาชน),mai,Services,-
SET:META,META,META CORPORATION PUBLIC COMPANY LIMITED,บริษัท เมตะ คอร์ปอเรชั่น จำกัด (มหาชน),mai,Property & Construction,-
SET:MGI,MGI,Miss Grand International Public Company Limited,บริษัท มิสแกรนด์ อินเตอร์เนชั่นแนล จำกัด (มหาชน),mai,Consumer Products,-
SET:MGT,MGT,MEGACHEM (THAILAND) PUBLIC COMPANY LIMITED,บริษัท เมกาเคม (ประเทศไทย) จำกัด (มหาชน),mai,Industrial,-
SET:MITSIB,MITSIB,MITSIB LEASING PUBLIC COMPANY LIMITED,บริษัท มิตรสิบ ลิสซิ่ง จำกัด (มหาชน),mai,Financials,-
SET:MMM,MMM,MMM Capital Public Company Limited,บริษัท เอ็มเอ็มเอ็ม แคปปิตอล จำกัด (มหาชน),mai,Property & Construction,-
SET:MOONG,MOONG,MOONG PATTANA INTERNATIONAL PUBLIC COMPANY LIMITED,บริษัท มุ่งพัฒนา อินเตอร์แนชชั่นแนล จำกัด (มหาชน),mai,Consumer Products,-
SET:MORE,MORE,MORE RETURN PUBLIC COMPANY LIMITED,บริษัท มอร์ รีเทิร์น จำกัด (มหาชน),mai,Services,-
SET:MOTHER,MOTHER,Mother Marketing Public Company Limited,บริษัท มาเธอร์ มาร์เก็ตติ้ง จำกัด (มหาชน),mai,Services,-
SET:MPJ,MPJ,MPJ Logistics Public Company Limited,บริษัท เอ็ม พี เจ โลจิสติกส์ จำกัด (มหาชน),mai,Services,-
SET:MTW,MTW,MAKE TO WIN HOLDING PUBLIC COMPANY LIMITED,บริษัท เมคทูวิน โฮลดิ้ง จำกัด (มหาชน),mai,Industrial,-
SET:MUD,MUD,MUD & HOUND PUBLIC COMPANY LIMITED,บริษัท มัด แอนด์ ฮาวด์ จำกัด (มหาชน),mai,Agro & Food Industry,-
SET:MVP,MVP,M VISION PUBLIC COMPANY LIMITED,บริษัท เอ็ม วิชั่น จำกัด (มหาชน),mai,Services,-
SET:NAT,NAT,NAT ABSOLUTE TECHNOLOGIES PUBLIC COMPANY LIMITED,บริษัท แนท แอบโซลูท เทคโนโลยีส์ จำกัด (มหาชน),mai,Technology,-
SET:NCL,NCL,NCL INTERNATIONAL LOGISTICS PUBLIC COMPANY LIMITED,บริษัท เอ็นซีแอล อินเตอร์เนชั่นแนล โลจิสติกส์ จำกัด (มหาชน),mai,Services,-
SET:NCP,NCP,Nice Call Public Company Limited,บริษัท ไนซ์ คอล จำกัด (มหาชน),mai,Services,-
SET:NDR,NDR,N.D. RUBBER PUBLIC COMPANY LIMITED,บริษัท เอ็น.ดี.รับเบอร์ จำกัด (มหาชน),mai,Industrial,-
SET:NETBAY,NETBAY,NETBAY PUBLIC COMPANY LIMITED,บริษัท เน็ตเบย์ จำกัด (มหาชน),mai,Technology,-
SET:NPK,NPK,NEW PLUS KNITTING PUBLIC COMPANY LIMITED,บริษัท นิวพลัสนิตติ้ง จำกัด (มหาชน),mai,Consumer Products,-
SET:NTF,NTF,NTF INTERGROUP (THAILAND) PUBLIC COMPANY LIMITED,บริษัท เอ็นทีเอฟ อินเตอร์กรุ๊ป (ประเทศไทย) จำกัด (มหาชน),mai,Agro & Food Industry,-
SET:NTSC,NTSC,Nutrition SC Public Company Limited,บริษัท นิวทรีชั่น เอสซี จำกัด (มหาชน),mai,Agro & Food Industry,-
SET:NUT,NUT,NUTRITION PROFESS PUBLIC COMPANY LIMITED,บริษัท นูทริชั่น โปรเฟส จำกัด (มหาชน),mai,Consumer Products,-
SET:PACO,PACO,PRESIDENT AUTOMOBILE INDUSTRIES PUBLIC COMPANY LIMITED,บริษัท เพรสซิเด้นท์ ออโตโมบิล อินดัสทรีส์ จำกัด (มหาชน),mai,Industrial,-
SET:PANEL,PANEL,PanelesMatic Solutions Public Company Limited,บริษัท เพเนเล่ส์มาติก โซลูชั่นส์ จำกัด (มหาชน),mai,Property & Construction,-
SET:PDG,PDG,PRODIGY PUBLIC COMPANY LIMITED,บริษัท พรอดดิจิ จำกัด (มหาชน),mai,Industrial,-
SET:PEER,PEER,PEER FOR YOU PUBLIC COMPANY LIMITED,บริษัท เพียร์ ฟอร์ ยู จำกัด (มหาชน),mai,Services,-
SET:PHOL,PHOL,PHOL DHANYA PUBLIC COMPANY LIMITED,บริษัท ผลธัญญะ จำกัด (มหาชน),mai,Industrial,-
SET:PICO,PICO,PICO (THAILAND) PUBLIC COMPANY LIMITED,บริษัท ปิโก (ไทยแลนด์) จำกัด (มหาชน),mai,Services,-
SET:PIMO,PIMO,PIONEER MOTOR PUBLIC COMPANY LIMITED,บริษัท ไพโอเนียร์ มอเตอร์ จำกัด (มหาชน),mai,Industrial,-
SET:PIS,PIS,Pro Inside Public Company Limited,บริษัท โปร อินไซด์ จำกัด (มหาชน),mai,Technology,-
SET:PLANET,PLANET,PLANET COMMUNICATIONS ASIA PUBLIC COMPANY LIMITED,บริษัท แพลนเน็ต คอมมิวนิเคชั่น เอเชีย จำกัด (มหาชน),mai,Technology,-
SET:PLT,PLT,Pilatus Marine Public Company Limited,บริษัท พีลาทัส มารีน จำกัด (มหาชน),mai,Services,-
SET:PMC,PMC,PMC Label Materials Public Company Limited,บริษัท พีเอ็มซี เลเบิล แมททีเรียลส์ จำกัด (มหาชน),mai,Industrial,-
SET:PPM,PPM,PORN PROM METAL PUBLIC COMPANY LIMITED,บริษัท พรพรหมเม็ททอล จำกัด (มหาชน),mai,Industrial,-
SET:PPS,PPS,PROJECT PLANNING SERVICE PUBLIC COMPANY LIMITED,บริษัท โปรเจค แพลนนิ่ง เซอร์วิส จำกัด (มหาชน),mai,Property & Construction,-
SET:PRAPAT,PRAPAT,PEERAPAT TECHNOLOGY PUBLIC COMPANY LIMITED,บริษัท พีรพัฒน์ เทคโนโลยี จำกัด (มหาชน),mai,Industrial,-
SET:PRI,PRI,Primo Service Solutions Public Company Limited,บริษัท พรีโม เซอร์วิส โซลูชั่น จำกัด (มหาชน),mai,Property & Construction,-
SET:PROEN,PROEN,PROEN CORP PUBLIC COMPANY LIMITED,บริษัท โปรเอ็น คอร์ป จำกัด (มหาชน),mai,Technology,-
SET:PROS,PROS,PROSPER ENGINEERING PUBLIC COMPANY LIMITED,บริษัท พรอสเพอร์ เอ็นจิเนียริ่ง จำกัด (มหาชน),mai,Property & Construction,-
SET:PSGC,PSGC,PSG CORPORATION PUBLIC COMPANY LIMITED,บริษัท พีเอสจี คอร์ปอเรชั่น จำกัด (มหาชน),mai,Property & Construction,-
SET:PSTC,PSTC,POWER SOLUTION TECHNOLOGIES PUBLIC COMPANY LIMITED,บริษัท เพาเวอร์ โซลูชั่น เทคโนโลยี จำกัด (มหาชน),mai,Resources,-
SET:PTC,PTC,PREMIER TANK CORPORATION PUBLIC COMPANY LIMITED,บริษัท พรีเมียร์ แทงค์ คอร์ปอเรชั่น จำกัด (มหาชน),mai,Resources,-
SET:QDC,QDC,QUANTUM D C PUBLIC COMPANY LIMITED,บริษัท ควอนตัม ดี ซี จำกัด (มหาชน),mai,Agro & Food Industry,-
SET:QLT,QLT,QUALITECH PUBLIC COMPANY LIMITED,บริษัท ควอลลีเทค จำกัด (มหาชน),mai,Services,-
SET:QTCG,QTCG,QTCG PUBLIC COMPANY LIMITED,บริษัท คิวทีซีจี จำกัด (มหาชน),mai,Property & Construction,-
SET:READY,READY,READYPLANET PUBLIC COMPANY LIMITED,บริษัท เรดดี้แพลนเน็ต จำกัด (มหาชน),mai,Technology,-
SET:RP,RP,RAJA FERRY PORT PUBLIC COMPANY LIMITED,บริษัท ท่าเรือราชาเฟอร์รี่ จำกัด (มหาชน),mai,Services,-
SET:RWI,RWI,RAYONG WIRE INDUSTRIES PUBLIC COMPANY LIMITED,บริษัท ระยองไวร์ อินดัสตรีส์ จำกัด (มหาชน),mai,Industrial,-
SET:SAAM,SAAM,SAAM DEVELOPMENT PUBLIC COMPANY LIMITED,บริษัท เอสเอเอเอ็ม ดีเวลลอปเมนท์ จำกัด (มหาชน),mai,Resources,-
SET:SAF,SAF,S.A.F. SPECIAL STEEL PUBLIC COMPANY LIMITED,บริษัท เอส.เอ.เอฟ. สเปเชียล สตีล จำกัด (มหาชน),mai,Industrial,-
SET:SALEE,SALEE,SALEE INDUSTRY PUBLIC COMPANY LIMITED,บริษัท สาลี่อุตสาหกรรม จำกัด (มหาชน),mai,Industrial,-
SET:SANKO,SANKO,SANKO DIECASTING (THAILAND) PUBLIC COMPANY LIMITED,บริษัท ซังโกะ ไดคาซติ้ง (ประเทศไทย) จำกัด (มหาชน),mai,Industrial,-
SET:SCL,SCL,S.C.L. Motor Part Public Company Limited,บริษัท เอส.ซี.แอล.มอเตอร์ พาร์ท จำกัด (มหาชน),mai,Industrial,-
SET:SECURE,SECURE,NFORCE SECURE PUBLIC COMPANY LIMITED,บริษัท เอ็นฟอร์ซ ซีเคียว จำกัด (มหาชน),mai,Technology,-
SET:SEI,SEI,"SEI MEDICAL PUBLIC CO., LTD.",บริษัท เอสอีไอ เมดิคัล จำกัด (มหาชน),mai,Consumer Products,-
SET:SENX,SENX,SEN X PUBLIC COMPANY LIMITED,บริษัท เซ็น เอกซ์ จำกัด (มหาชน),mai,Property & Construction,-
SET:SFT,SFT,SHRINKFLEX (THAILAND) PUBLIC COMPANY LIMITED,บริษัท ชริ้งเฟล็กซ์ (ประเทศไทย) จำกัด (มหาชน),mai,Industrial,-
SET:SGF,SGF,SGF CAPITAL PUBLIC COMPANY LIMITED,บริษัท เอสจีเอฟ แคปปิตอล จำกัด (มหาชน),mai,Financials,-
SET:SICT,SICT,SILICON CRAFT TECHNOLOGY PUBLIC COMPANY LIMITED,บริษัท ซิลิคอน คราฟท์ เทคโนโลยี จำกัด (มหาชน),mai,Technology,-
SET:SIMAT,SIMAT,SIMAT TECHNOLOGIES PUBLIC COMPANY LIMITED,บริษัท ไซแมท เทคโนโลยี จำกัด (มหาชน),mai,Technology,-
SET:SK,SK,SIRAKORN PUBLIC COMPANY LIMITED,บริษัท ศิรกร จำกัด (มหาชน),mai,Property & Construction,-
SET:SKIN,SKIN,SKIN LABORATORY PUBLIC COMPANY LIMITED,บริษัท สกิน ลาบอราทอรี่ จำกัด (มหาชน),mai,Consumer Products,-
SET:SMART,SMART,SMART CONCRETE PUBLIC COMPANY LIMITED,บริษัท สมาร์ทคอนกรีต จำกัด (มหาชน),mai,Property & Construction,-
SET:SMD100,SMD100,SMD RISE PUBLIC COMPANY LIMITED,บริษัท เอสเอ็มดี ไรส์ จำกัด (มหาชน),mai,Consumer Products,-
SET:SONIC,SONIC,SONIC INTERFREIGHT PUBLIC COMPANY LIMITED,บริษัท โซนิค อินเตอร์เฟรท จำกัด (มหาชน),mai,Services,-
SET:SPTX,SPTX,SPT X PUBLIC COMPANY LIMITED,บริษัท เอสพีที เอกซ์ จำกัด (มหาชน),mai,Services,-
SET:SPVI,SPVI,S P V I PUBLIC COMPANY LIMITED,บริษัท เอส พี วี ไอ จำกัด (มหาชน),mai,Technology,-
SET:SR,SR,SIAMRAJ PUBLIC COMPANY LIMITED,บริษัท สยามราช จำกัด (มหาชน),mai,Resources,-
SET:SRS,SRS,SIRISOFT PUBLIC COMPANY LIMITED,บริษัท สิริซอฟต์ จำกัด (มหาชน),mai,Technology,-
SET:STC,STC,STC CONCRETE PRODUCT PUBLIC COMPANY LIMITED,บริษัท เอสทีซี คอนกรีตโปรดัคท์ จำกัด (มหาชน),mai,Property & Construction,-
SET:STOWER,STOWER,SKY TOWER PUBLIC COMPANY LIMITED,บริษัท สกาย ทาวเวอร์ จำกัด (มหาชน),mai,Resources,-
SET:STP,STP,SAHATHAI PRINTING & PACKAGING PUBLIC COMPANY LIMITED,บริษัท สหไทยการพิมพ์และบรรจุภัณฑ์ จำกัด (มหาชน),mai,Industrial,-
SET:STX,STX,Stone One Public Company Limited,บริษัท สโตนวัน จำกัด (มหาชน),mai,Property & Construction,-
SET:SVR,SVR,SIVAROM REAL ESTATE PUBLIC COMPANY LIMITED,บริษัท สิวารมณ์ เรียลเอสเตท จำกัด (มหาชน),mai,Property & Construction,-
SET:SWC,SWC,SHERWOOD CORPORATION (THAILAND) PUBLIC COMPANY LIMITED,บริษัท เชอร์วู้ด คอร์ปอเรชั่น (ประเทศไทย) จำกัด (มหาชน),mai,Industrial,-
SET:TACC,TACC,T.A.C. CONSUMER PUBLIC COMPANY LIMITED,บริษัท ที.เอ.ซี. คอนซูเมอร์ จำกัด (มหาชน),mai,Agro & Food Industry,-
SET:TAKUNI,TAKUNI,TAKUNI GROUP PUBLIC COMPANY LIMITED,บริษัท ทาคูนิ กรุ๊ป จำกัด (มหาชน),mai,Resources,-
SET:TAPAC,TAPAC,TAPACO PUBLIC COMPANY LIMITED,บริษัท ทาพาโก้ จำกัด (มหาชน),mai,Property & Construction,-
SET:TATG,TATG,THAI AUTO TOOLS AND DIE PUBLIC COMPANY LIMITED,บริษัท ไทย ออโต ทูลส์ แอนด์ ดาย จำกัด (มหาชน),mai,Industrial,-
SET:TBN,TBN,TBN Corporation Public Company Limited,บริษัท ทีบีเอ็น คอร์ปอเรชั่น จำกัด (มหาชน),mai,Technology,-
SET:TERA,TERA,Terabyte Plus Public Company Limited,บริษัท เทอร์ราไบท์ พลัส จำกัด (มหาชน),mai,Technology,-
SET:THANA,THANA,THANASIRI GROUP PUBLIC COMPANY LIMITED,บริษัท ธนาสิริ กรุ๊ป จำกัด (มหาชน),mai,Property & Construction,-
SET:THMUI,THMUI,THAI MUI CORPORATION PUBLIC COMPANY LIMITED,บริษัท ไทยมุ้ย คอร์ปอเรชั่น จำกัด (มหาชน),mai,Services,-
SET:TIGER,TIGER,THAI ENGER HOLDING PUBLIC COMPANY LIMITED,บริษัท ไทย อิงเกอร์ โฮลดิ้ง จำกัด (มหาชน),mai,Property & Construction,-
SET:TM,TM,TECHNO MEDICAL PUBLIC COMPANY LIMITED,บริษัท เทคโนเมดิคัล จำกัด (มหาชน),mai,Consumer Products,-
SET:TMC,TMC,T.M.C. INDUSTRIAL PUBLIC COMPANY LIMITED,บริษัท ที.เอ็ม.ซี. อุตสาหกรรม จำกัด (มหาชน),mai,Industrial,-
SET:TMI,TMI,TEERA-MONGKOL INDUSTRY PUBLIC COMPANY LIMITED,บริษัท ธีระมงคล อุตสาหกรรม จำกัด (มหาชน),mai,Industrial,-
SET:TMILL,TMILL,T S FLOUR MILL PUBLIC COMPANY LIMITED,บริษัท ที เอส ฟลาวมิลล์ จำกัด (มหาชน),mai,Agro & Food Industry,-
SET:TMW,TMW,THAI MITSUWA PUBLIC COMPANY LIMITED,บริษัท ไทยมิตซูวา จำกัด (มหาชน),mai,Industrial,-
SET:TNDT,TNDT,THAI NONDESTRUCTIVE TESTING PUBLIC COMPANY LIMITED,บริษัท ไทย เอ็น ดี ที จำกัด (มหาชน),mai,Services,-
SET:TNH,TNH,THAI NAKARIN HOSPITAL PUBLIC COMPANY LIMITED,บริษัท โรงพยาบาลไทยนครินทร์ จำกัด (มหาชน),mai,Services,-
SET:TNP,TNP,THANAPIRIYA PUBLIC COMPANY LIMITED,บริษัท ธนพิริยะ จำกัด (มหาชน),mai,Services,-
SET:TPCH,TPCH,TPC POWER HOLDING PUBLIC COMPANY LIMITED,บริษัท ทีพีซี เพาเวอร์โฮลดิ้ง จำกัด (มหาชน),mai,Resources,-
SET:TPL,TPL,Thai Parcels Public Company Limited,บริษัท ไทยพาร์เซิล จำกัด (มหาชน),mai,Services,-
SET:TPLAS,TPLAS,THAI PLASTIC INDUSTRIAL (1994) PUBLIC COMPANY LIMITED,บริษัท ไทยอุตสาหกรรมพลาสติก (1994) จำกัด (มหาชน),mai,Industrial,-
SET:TPS,TPS,THE PRACTICAL SOLUTION PUBLIC COMPANY LIMITED,บริษัท เดอะแพรคทิเคิลโซลูชั่น จำกัด (มหาชน),mai,Technology,-
SET:TQR,TQR,TQR PUBLIC COMPANY LIMITED,บริษัท ที คิว อาร์ จำกัด (มหาชน),mai,Financials,-
SET:TRP,TRP,Aesthetic Connect Public Company Limited,บริษัท เอสเตติก คอนเนค จำกัด (มหาชน),mai,Services,-
SET:TRT,TRT,TIRATHAI PUBLIC COMPANY LIMITED,บริษัท ถิรไทย จำกัด (มหาชน),mai,Industrial,-
SET:TRV,TRV,T.R.V. RUBBER PRODUCTS PUBLIC COMPANY LIMITED,บริษัท ที.อาร์.วี. รับเบอร์ โปรดักส์ จำกัด (มหาชน),mai,Industrial,-
SET:TURTLE,TURTLE,SUPER TURTLE PUBLIC COMPANY LIMITED,บริษัท ซุปเปอร์ เทอร์เทิล จำกัด (มหาชน),mai,Services,-
SET:TVDH,TVDH,TVD HOLDINGS PUBLIC COMPANY LIMITED,บริษัท ทีวีดี โฮลดิ้งส์ จำกัด (มหาชน),mai,Services,-
SET:TVT,TVT,TV THUNDER PUBLIC COMPANY LIMITED,บริษัท ทีวี ธันเดอร์ จำกัด (มหาชน),mai,Services,-
SET:UBA,UBA,Utility Business Alliance Public Company Limited,บริษัท ยูทิลิตี้ บิสิเนส อัลลายแอนซ์ จำกัด (มหาชน),mai,Services,-
SET:UBIS,UBIS,UBIS (ASIA) PUBLIC COMPANY LIMITED,บริษัท ยูบิส (เอเชีย) จำกัด (มหาชน),mai,Industrial,-
SET:UEC,UEC,UNIMIT ENGINEERING PUBLIC COMPANY LIMITED,บริษัท ยูนิมิต เอนจิเนียริ่ง จำกัด (มหาชน),mai,Industrial,-
SET:UKEM,UKEM,UNION PETROCHEMICAL PUBLIC COMPANY LIMITED,บริษัท ยูเนี่ยน ปิโตรเคมีคอล จำกัด (มหาชน),mai,Industrial,-
SET:UMS,UMS,UNIQUE MINING SERVICES PUBLIC COMPANY LIMITED,บริษัท ยูนิค ไมนิ่ง เซอร์วิสเซส จำกัด (มหาชน),mai,Resources,-
SET:UREKA,UREKA,EUREKA DESIGN PUBLIC COMPANY LIMITED,บริษัท ยูเรกา ดีไซน์ จำกัด (มหาชน),mai,Industrial,-
SET:VCOM,VCOM,VINTCOM TECHNOLOGY PUBLIC COMPANY LIMITED,บริษัท วินท์คอม เทคโนโลยี จำกัด (มหาชน),mai,Technology,-
SET:VIBE,VIBE,VIBE SYNERGY GROUP PUBLIC COMPANY LIMITED,บริษัท ไวบ์ ซินเนอร์จี้ กรุ๊ป จำกัด (มหาชน),mai,Services,-
SET:VL,VL,V.L. ENTERPRISE PUBLIC COMPANY LIMITED,บริษัท วี.แอล.เอ็นเตอร์ไพรส์ จำกัด (มหาชน),mai,Services,-
SET:VS,VS,VISERVE ENTERPRISE PUBLIC COMPANY LIMITED,บริษัท วีเซิร์ฟ เอ็นเตอร์ไพรส์ จำกัด (มหาชน),mai,Services,-
SET:WARRIX,WARRIX,Warrix Sport Public Company Limited,บริษัท วอริกซ์ สปอร์ต จำกัด (มหาชน),mai,Consumer Products,-
SET:WASH,WASH,Laundry You Public Company Limited,บริษัท ลอนดรี้ ยู จำกัด (มหาชน),mai,Services,-
SET:WELL,WELL,WELL MANAGEMENT CORPORATION PUBLIC COMPANY LIMITED,บริษัท เวล แมเนจเม้นท์ คอร์ปอเรชั่น จำกัด (มหาชน),mai,Property & Construction,-
SET:WINMED,WINMED,WINNERGY MEDICAL PUBLIC COMPANY LIMITED,บริษัท วินเนอร์ยี่ เมดิคอล จำกัด (มหาชน),mai,Consumer Products,-
SET:WINNER,WINNER,WINNER GROUP ENTERPRISE PUBLIC COMPANY LIMITED,บริษัท วินเนอร์กรุ๊ป เอ็นเตอร์ไพรซ์ จำกัด (มหาชน),mai,Agro & Food Industry,-
SET:XO,XO,EXOTIC FOOD PUBLIC COMPANY LIMITED,บริษัท เอ็กโซติค ฟู้ด จำกัด (มหาชน),mai,Agro & Food Industry,-
SET:YGG,YGG,YGGDRAZIL GROUP PUBLIC COMPANY LIMITED,บริษัท อิ๊กดราซิล กรุ๊ป จำกัด (มหาชน),mai,Services,-
SET:YONG,YONG,Yong Concrete Public Company Limited,บริษัท ยงคอนกรีต จำกัด (มหาชน),mai,Property & Construction,-
SET:YUASA,YUASA,YUASA BATTERY (THAILAND) PUBLIC COMPANY LIMITED,บริษัท ยัวซ่าแบตเตอรี่ ประเทศไทย จำกัด (มหาชน),mai,Industrial,-
SET:ZIGA,ZIGA,ZIGA INNOVATION PUBLIC COMPANY LIMITED,บริษัท ซิก้า อินโนเวชั่น จำกัด (มหาชน),mai,Industrial,-
